epoch,iou,loss,val_iou,val_loss
0,0.06178689740884762,0.08158547944651964,0.01269373893737793,0.026179424487054348
1,0.09990077609053025,0.021497221724786915,0.05904104709625244,0.01043786508962512
2,0.10859030967530532,0.01979488766907404,0.19005548655986787,0.014995039254426957
3,0.07901694737852384,0.02209785027214541,0.24657936692237853,0.008555875928141176
4,0.10924322291826591,0.019998017029884536,0.1341739773750305,0.009523079078644515
5,0.08727743307080789,0.01665995521351504,0.1815964885056019,0.0054157247301191095
6,0.20697141835131708,0.013418222045472179,0.048536472767591474,0.011420556530356406
7,0.09527998422988905,0.014550316457947096,0.04883480966091156,0.01987159587442875
8,0.1253121393517806,0.01852868636771559,0.07452427744865417,0.01623319014906883
9,0.0799193152327998,0.014861383499243321,0.10795548930764198,0.01370263141579926
10,0.055690618264727675,0.0172766315129896,0.10068815350532531,0.014719298714771867
11,0.15761874291302563,0.011570812614921194,0.04333166033029556,0.011335271969437599
12,0.10001400165641919,0.015045640454329073,0.19539351761341095,0.00842381187248975
13,0.20537410005449486,0.009999536979310691,0.004551709815859795,0.017786896228790282
14,0.14411930915995094,0.012784082066411009,0.1281604666262865,0.012128787534311413
15,0.17743016846286944,0.01014798283815766,0.20443949699401856,0.009174288180656732
16,0.21236267030382386,0.009507655455635335,0.1244049958884716,0.009446071181446313
17,0.1481993105262518,0.012800787881506273,0.19205444753170015,0.007667986210435629
18,0.15272668324028835,0.012764753108151639,0.13447056859731674,0.01088355714455247
19,0.14582743424659547,0.011994379363619747,0.2292357176542282,0.007816263911081478
20,0.11257621793983838,0.012361159136232275,0.17036479711532593,0.013292597117833793
21,0.14684982650364056,0.01409779457697788,0.12340457141399383,0.023974724858999253
22,0.16805735260295945,0.011439719703048468,0.14125016927719117,0.01384546523913741
23,0.24424840977940804,0.008049100101626933,0.0955971509218216,0.016164926718920468
24,0.16250471197641814,0.013342179026669608,0.2888022199273109,0.006239926227135584
25,0.1978081405395642,0.01021426799110113,0.26599995493888856,0.014123668987303972
26,0.12461402002148904,0.0113424640477229,0.09086306691169739,0.01668875040486455
27,0.12514667604596186,0.010929041440622548,0.15436395183205603,0.0077644489938393235
28,0.16081172545464376,0.019738124764094558,0.2904891327023506,0.0059063447290100156
29,0.14248323722336537,0.014385412995649789,0.3097506880760193,0.005405336641706527
30,0.12132709970076878,0.009574526022427166,0.1781461626291275,0.010949464980512857
31,0.1323394142330075,0.01322174997916684,0.1963691830635071,0.010162931494414806
32,0.17861396314289707,0.012802249649002288,0.08896979987621308,0.02547725192271173
33,0.13112357593117616,0.012498662266760873,0.11455626711249352,0.01623590672388673
34,0.1453720068033689,0.015061805859052887,0.05002404451370239,0.011254773056134582
35,0.20557937971674478,0.011678455619869802,0.049231729656457904,0.018472286500036718
36,0.14153740082222682,0.01597213636462887,0.2542603075504303,0.006928143370896578
37,0.15380879717234236,0.00861505938631196,0.025396969774737953,0.018418078497052192
38,0.297183309466793,0.004562582533346871,0.18802606537938119,0.006381342466920614
39,0.21448981795364466,0.009498522458717419,0.15199771700426937,0.005299043352715671
40,0.17263940867465302,0.008826343129233768,0.31744100004434583,0.005456230719573796
41,0.14713795797135204,0.010364547124108633,0.10016920492053032,0.01304593738168478
42,0.19788962390082768,0.010758327920950998,0.2634937785565853,0.007292168028652668
43,0.14702349113157162,0.007894778474926567,0.25887431502342223,0.006603462854400277
44,0.15700522972605166,0.008647890955520173,0.12467273324728012,0.007698903325945139
45,0.2479450088710739,0.009496822697819414,0.12456750944256782,0.004368010303005576
46,0.22528705936975968,0.006356864887773274,0.27428959757089616,0.00716764812823385
47,0.17920305112448448,0.008405145363679204,0.25952494516968727,0.004462128761224449
48,0.21454085065768316,0.007017432820971291,0.01660151779651642,0.010612181294709444
49,0.2777104830512634,0.0067778563206024375,0.1321547120809555,0.00948172037024051
50,0.19063868536016879,0.00869846822341713,0.10493280054070056,0.01225263550877571
51,0.18123885061448583,0.008843210757148858,0.3020323507487774,0.006403358746320009
52,0.19551493713441184,0.008527296099764032,0.23745986819267273,0.011390077485702931
53,0.15843424511452517,0.01080671663975152,0.15613846182823182,0.010256045404821635
54,0.2147299444828278,0.007807663200088801,0.3053976376540959,0.003903445811010897
55,0.28336568544499385,0.007298149475947213,0.17313671670854092,0.007381332060322166
56,0.24453154956110013,0.005413918732068477,0.09224451705813408,0.006607843469828368
57,0.18783110456588942,0.010141957715416376,0.16346336975693704,0.008984058490023017
58,0.24859329358411905,0.006537635738286787,0.2982589781284332,0.003991129505448043
59,0.14727544594699374,0.0094087825049288,0.3527018532156944,0.0034827304072678087
60,0.23340164583462936,0.01364336490111712,0.058219689130783084,0.009418419469147921
61,0.1696773134649564,0.012569114441971462,0.20076218247413635,0.008312583481892944
62,0.18556153984406057,0.0067119800039038705,0.14131468310952186,0.005629133200272918
63,0.1846566130526555,0.008598551645170515,0.2605209589004517,0.008512352174147964
64,0.1781131077844363,0.009833515344115976,0.1880296915769577,0.011253110249526799
65,0.17724045301572636,0.009788026300390275,0.0952879834920168,0.014519490022212266
66,0.23327022128236982,0.01182350118865426,0.17636321038007735,0.009960707696154713
67,0.19388743022528404,0.011903767069527067,0.1874343417584896,0.007624872541055083
68,0.1898033305948887,0.012514458570736818,0.050281169824302197,0.015442084521055222
69,0.2204489354044199,0.006673503058174482,0.028918801248073576,0.018743214011192322
70,0.25801302540378696,0.005475440319293203,0.17635081857442855,0.003586930246092379
71,0.296232983804284,0.006376111638159133,0.24669156819581986,0.00487343049608171
72,0.2742447150372661,0.006397712880220168,0.2714128756895661,0.004566119355149567
73,0.20395744954928374,0.008398469881518768,0.18544731065630912,0.010609853779897094
74,0.22115519795662317,0.007437542710715952,0.176636366173625,0.008429727982729673
75,0.21174287132378547,0.008700559372440554,0.1573814034461975,0.017516912205610424
76,0.19944403792182222,0.005373854348316598,0.19716684899758546,0.009602868556976318
77,0.19988609748020864,0.009228671147213437,0.3285550594329834,0.005555156385526061
78,0.2933443605135649,0.005100007362227934,0.11059577465057373,0.011109521146863699
79,0.18242803275829944,0.006984020529601436,0.19559573084115983,0.006371305440552533
80,0.23525169878624952,0.00434546794097584,0.10995023548603058,0.006208621244877577
81,0.3235580751624627,0.00657065492347241,0.19875546768307686,0.006136587983928621
82,0.20324116515425536,0.006165848680748007,0.30592788457870485,0.004320544051006436
83,0.2675888317947586,0.006469674680444699,0.3059220738708973,0.005289392964914441
84,0.20696747828370485,0.007698838772902934,0.29164937436580657,0.007379951165057718
85,0.18497864622622728,0.006677855259906023,0.16090085208415986,0.006307628005743027
86,0.24132388828990933,0.008049025550299587,0.3006159543991089,0.005643625557422638
87,0.25766856961835843,0.007090150674906535,0.2904872685670853,0.007671985344495624
88,0.28408800144321644,0.004525848509029646,0.1399648517370224,0.010335937701165676
89,0.2362584826321556,0.007486681574776482,0.18633384704589845,0.007298917416483164
90,0.2679630001015866,0.005196899754735522,0.37176054436713457,0.004800789698492736
91,0.18574099145226705,0.0074523635550390165,0.1359747529029846,0.005431778263300657
92,0.2633792912730804,0.006222991408345153,0.18030090630054474,0.006418897141702473
93,0.22284714662386343,0.014663871719303409,0.227078777551651,0.00789038707735017
94,0.21898527331172657,0.007261438590760987,0.26475698202848436,0.005319510330446064
95,0.224407690219008,0.006453259870445786,0.33723811209201815,0.0035784726962447165
96,0.23427617626312452,0.006361005450180994,0.14470528438687325,0.008053809404373169
97,0.21597409340663432,0.00886479531077501,0.22076519429683686,0.004465343384072185
98,0.22124736173412737,0.007001707212438282,0.18365029990673065,0.010710423160344363
99,0.22988735798459786,0.011076007502500337,0.2796885550022125,0.0033167696616146713
100,0.2564235575115069,0.008069929871290253,0.10513014495372772,0.015099897386971862
101,0.2371378025660912,0.01112347199280824,0.2306544750928879,0.009574188548140228
102,0.24145580782817724,0.005611388032169391,0.314437161386013,0.003857205435633659
103,0.3576541114359712,0.003432198203741931,0.2859344344586134,0.005812874611001462
104,0.2885105774905055,0.006011617685987567,0.35617062970995905,0.0032310283975675704
105,0.26261817977930874,0.0060865303967148066,0.22474429607391358,0.006726606586016715
106,0.23827595196855375,0.00815388954913196,0.3061023384332657,0.004528730132733472
107,0.2482541283735862,0.007556216010692505,0.31572240591049194,0.0061907797353342175
108,0.23983851581429824,0.00527616595932975,0.005101387854665518,0.010717963613569737
109,0.2051723153831867,0.005455251654777198,0.10274510681629181,0.013129281997680663
110,0.2592945685729576,0.007333427080317425,0.2302805945277214,0.0073755034012719985
111,0.28672867292203963,0.004101427354796145,0.10303552866680547,0.01454359507188201
112,0.21117846314640096,0.0055942337867469554,0.0,0.011481803003698587
113,0.28803398708502453,0.004776904019915189,0.11518824249505996,0.006260173465125263
114,0.3281034725980881,0.004561694845622883,0.3344086155295372,0.004390591895207763
115,0.2561748374062471,0.006300710358445007,0.2896568365395069,0.006219963589683175
116,0.25295370587935817,0.0050810595395234534,0.24253586828708648,0.006703328480944038
117,0.24410797779758772,0.006364739659684113,0.19451039135456086,0.006584204756654799
118,0.21311661578380528,0.007511631492749215,0.11115765571594238,0.0226920566521585
119,0.292411661766565,0.005036537235495276,0.2319471172988415,0.004804951325058937
120,0.3140344424173236,0.005436032754145204,0.30254887342453,0.004926847299793735
121,0.29657812809380585,0.004827749248831354,0.1986761748790741,0.0075775182107463476
122,0.2504817600815724,0.005402329747971051,0.2878075331449509,0.004940549517050386
123,0.2584704268867007,0.005047993684480063,0.07374930381774902,0.006896771304309368
124,0.24098792973046118,0.006714889340144463,0.22193845510482788,0.004722134536132216
125,0.3193563435895321,0.01117289460680928,0.03784564193338156,0.009819829184561969
126,0.21958694270310494,0.007902229580884943,0.40704856514930726,0.002829546231077984
127,0.2430114446160121,0.005440598195538116,0.3124436467885971,0.006933372956700623
128,0.2839081594004081,0.005114260384522286,0.31459309309720995,0.006649943767115474
129,0.2175689664599747,0.0063285717131713265,0.31233979016542435,0.0041221118532121185
130,0.23059988434975728,0.007487998643997484,0.3153285156004131,0.005973876221105456
131,0.29074391111349446,0.009048665342001746,0.42822240889072416,0.002083530020900071
132,0.2599241130101757,0.008706053178638028,0.13820300698280336,0.009580613393336535
133,0.2513846507630287,0.008742960596767565,0.429011607170105,0.005064392404165119
134,0.27598413165945274,0.005453023047989401,0.23638973981142045,0.0043538202531635765
135,0.36038341727227163,0.0030550061081810733,0.17454667538404464,0.0063075550831854345
136,0.32562942731564337,0.005338583090820183,0.1913062259554863,0.006847632210701704
137,0.3305718320159194,0.0047748287175543224,0.2833886954933405,0.005418406974058598
138,0.2381980297370599,0.006421437061642512,0.19045118130743505,0.00702550932765007
139,0.24328203967366463,0.00617059759156874,0.18963797241449357,0.006318388320505619
140,0.2615111768962099,0.007052677625697703,0.17497113943099976,0.006340316543355584
141,0.24884447541374427,0.0041186167442132365,0.2039456158876419,0.0048340812092646955
142,0.2458996153794802,0.006639853497640265,0.24668135307729244,0.004887321824207902
143,0.31516950563169444,0.004156544848601931,0.14583281986415386,0.011336572980508209
144,0.2351766448850051,0.005132443845445194,0.21439651250839234,0.015834672516211866
145,0.33623786559567237,0.002711312294615289,0.3645804688334465,0.003991259625763632
146,0.32185041039692575,0.005204460770936492,0.31369041949510573,0.004625778706395067
147,0.2790678244513961,0.004848583339853809,0.2411537528038025,0.005364175233989954
148,0.2940740877619156,0.004685153662322614,0.20598730584606528,0.007779205171391368
149,0.3120389101453699,0.005307350084946778,0.30126320421695707,0.005255900113843382
150,0.2391361980102001,0.004753028066494526,0.19279689639806746,0.013763164076954127
151,0.2720938938511655,0.006524998666300701,0.20756902396678925,0.006842664629220963
152,0.3166632927858677,0.0053206745096525615,0.12701694667339325,0.010763213038444519
153,0.3173518366395281,0.0033686291321012108,0.317973668128252,0.008191409334540368
154,0.25600372531857246,0.005683305546438369,0.17527856826782226,0.014377192128449678
155,0.32620158137228245,0.004284082895117955,0.09933720659464598,0.00807535657659173
156,0.23524331716963878,0.005602652292835932,0.1857297718524933,0.007688871305435896
157,0.3533566258370112,0.004699276574403764,0.31954042091965673,0.004917400656268001
158,0.25781495955127937,0.012092496275913734,0.4307695493102074,0.0031007439363747837
159,0.27460497789658034,0.004821077899601406,0.36659985184669497,0.00796347251161933
160,0.2889563121283666,0.0045747935271207,0.1348257690668106,0.006816207664087415
161,0.2668732687448844,0.0046903519627775475,0.13621870577335357,0.01725412318482995
162,0.2826711089493564,0.00665415768759349,0.26022582948207856,0.0046102731255814435
163,0.2516698037775663,0.005409046239667357,0.16718693673610688,0.005026531079784036
164,0.290506056509912,0.009009116180375433,0.1181873008608818,0.009371757600456476
165,0.2810245738961758,0.006986365751333487,0.06931949891149998,0.006912249140441418
166,0.29199466223900133,0.007611471738737936,0.07748119905591011,0.006691497727297246
167,0.3131575101079085,0.00424620524483124,0.1615782916545868,0.0056086484342813495
168,0.38725415465887636,0.0027084280658387938,0.2359302818775177,0.0042610652279108764
169,0.33019158826806605,0.005244563962034403,0.3902019828557968,0.0034176821820437906
170,0.28980611018740976,0.004968669751318744,0.11851403713226319,0.01453683916479349
171,0.2614491085927838,0.006528644638959891,0.17315142489969731,0.008712120074778795
172,0.26494932384827197,0.006691586770615779,0.1573456890648231,0.005748160090297461
173,0.2862785921838039,0.0041827014841449755,0.24432021863758563,0.006280870456248522
174,0.2426898677666218,0.004902527769072316,0.19173941463232042,0.007178815358201973
175,0.29024565654496354,0.004875886446545617,0.1589483857154846,0.007482802169397474
176,0.35954385174390596,0.0031761574366380675,0.3397473394870758,0.0031696720980107784
177,0.2990810375374097,0.004202770479680158,0.08970407396554947,0.006004198547452688
178,0.3294816593854473,0.00389735858875494,0.24225854277610778,0.003941340884193778
179,0.34430112454514855,0.003665688868820255,0.19807821959257127,0.004314073733985424
180,0.3053390391511269,0.004938131799766173,0.2931359052658081,0.004110292810946703
181,0.3250842501337712,0.0037078118613676336,0.316014489158988,0.005196372279897332
182,0.26905657124156374,0.005188694780465597,0.27996181398630143,0.00417608511634171
183,0.2609412035642144,0.006097258814873221,0.33758358657360077,0.006669420900288969
184,0.3328121370421006,0.004083150148523064,0.3711375266313553,0.004203112423419952
185,0.3387842644006014,0.004084553650850116,0.29578681439161303,0.002445779088884592
186,0.30173669535762226,0.0043542224614215325,0.18308369666337967,0.008507901197299361
187,0.3141597602516413,0.004546317734751098,0.3504004806280136,0.004308393900282681
188,0.30128636478613585,0.0038310890399421062,0.14768230062909424,0.0055039174854755405
189,0.3173196872170919,0.005086726671717583,0.1780611257068813,0.004981318116188049
190,0.332550265497934,0.010231627405655438,0.03317923415452242,0.014076535869389773
191,0.28206225646994054,0.005017059558901029,0.4102091997861862,0.002878795372089371
192,0.27428024668150985,0.004188954594727152,0.22413809597492218,0.007810635562054813
193,0.3160247785063126,0.004382950691088365,0.41015119552612306,0.004565252596512437
194,0.27168479084204405,0.004389460836253607,0.32532294690608976,0.004142063658218831
195,0.26791609183717996,0.006495672928464886,0.21310145258903504,0.008145980862900614
196,0.3356387787856735,0.007228959249541498,0.37597726434469225,0.0024554256524425
197,0.297145581114679,0.00704002944761529,0.10777905508875847,0.0124449641443789
198,0.28745641979651576,0.006660713872779758,0.3062912240624428,0.007800345798023045
199,0.32176917963303053,0.004600464022354199,0.22590552121400834,0.0037503720028325914
200,0.4036344280108236,0.0021755160034025232,0.1436181604862213,0.007003484619781375
201,0.3450961734454792,0.004573897846663992,0.12891649678349495,0.007094775419682264
202,0.3678437372526297,0.003906374887894624,0.2518887802958488,0.005136218434199691
203,0.25920234954892063,0.005509960470356954,0.14219190860167147,0.008487515710294246
204,0.2728998875961854,0.005326486217829649,0.2276140570640564,0.005839439621195197
205,0.2910768545399874,0.006243946586693756,0.23290834128856658,0.005549492771388031
206,0.2720556260110476,0.003810529992990315,0.17865343093872071,0.004938529664650559
207,0.2895278313364356,0.0047389918901246395,0.27016330808401107,0.004566044872626662
208,0.35453883859400565,0.003405458244229428,0.12995928339660168,0.010335679398849607
209,0.27841487031979245,0.004313545239617666,0.20424823760986327,0.015531942620873452
210,0.3854936068065656,0.0021205015199927566,0.3481693953275681,0.004335047194035724
211,0.3615805498706416,0.004483632435529636,0.30189715176820753,0.004782066692132503
212,0.3002244825385368,0.004201043735613497,0.31893450766801834,0.003908014867920429
213,0.37076183919532174,0.0031441840593544887,0.24662398993968965,0.006342467886861413
214,0.31058010082835186,0.004884500972156485,0.28384811282157896,0.004757015244103968
215,0.31253187254501075,0.003237339375445094,0.11197938919067382,0.015314754005521536
216,0.29158619816343373,0.0056555032467421815,0.24661873131990433,0.00524643890094012
217,0.3643267549550495,0.004308176287453627,0.24629238825291394,0.007088659983128309
218,0.31016422220720696,0.0032698951491068164,0.36004156023263933,0.003976228227838874
219,0.29667330948779214,0.004429867255310409,0.20401795208454132,0.008153410686645657
220,0.37736539967740196,0.003646472545836169,0.049258874356746675,0.009135959669947624
221,0.28194948720435303,0.005383206397453204,0.1403144672513008,0.005278088431805372
222,0.40148049478347486,0.0028537438386896006,0.20935411155223846,0.0030621619895100593
223,0.2887977627703013,0.010501271607772185,0.36692136973142625,0.004372842889279127
224,0.3099321341022658,0.0035060893610651153,0.29479982852935793,0.01207777641247958
225,0.3535538930147409,0.0032473464014354902,0.2080289751291275,0.007264302717521787
226,0.3226501886279155,0.0037472885454078028,0.18024146258831025,0.0142363753169775
227,0.29202157077498925,0.005952372733587161,0.23158678747713565,0.00580695599783212
228,0.3257488635464165,0.00389883441302794,0.15960547365248204,0.007191426586359739
229,0.2961601347495348,0.008246872695356918,0.2229462206363678,0.008198596443980933
230,0.3191654950571366,0.005759159961225799,0.2750980585813522,0.005446126474998892
231,0.29330557928635526,0.005798630493257242,0.2082626037299633,0.00542324980488047
232,0.3697679125918792,0.003498627120652833,0.22222969755530358,0.006687136786058545
233,0.4111172545892306,0.0038460966431720853,0.266887953877449,0.0041404220391996205
234,0.36945585285623866,0.003079197344516452,0.39965233504772185,0.0035121746244840325
235,0.30196382358479196,0.0042469344566015005,0.20690127611160278,0.004149221396073699
236,0.2936963874560136,0.005450104233414794,0.3263229489326477,0.003607694257516414
237,0.2766603143551411,0.006263653494571395,0.44248094260692594,0.001810043613659218
238,0.3454002044656171,0.0034244740855706953,0.3532602205872536,0.003766827215440571
239,0.2770900116899075,0.0044066158766210535,0.1987605422735214,0.007360595045611262
240,0.3199704095530204,0.0036350994132823334,0.14795260429382323,0.010089739877730607
241,0.4023627703770613,0.0026540465095865494,0.21234576348215342,0.004051360627636313
242,0.3524944308282545,0.0031701472516243276,0.3848827362060547,0.0034170262049883606
243,0.36059480835086644,0.003349883529620293,0.15039857253432273,0.008146094135008752
244,0.38043352137677944,0.0031387175962756886,0.32629079669713973,0.0035729040973819792
245,0.35344292347629863,0.003785432127561086,0.2672949255444109,0.00510431327711558
246,0.3752288786837688,0.0030770976374743697,0.31312664449214933,0.003559840493835509
247,0.2716385941200245,0.004428747354839475,0.3023118555545807,0.005197114427573979
248,0.301618195974674,0.005362600661241091,0.12640183866024018,0.00748671421315521
249,0.3672695056750224,0.0034962658815530655,0.16392435133457184,0.008680217736400663
250,0.339715048049887,0.003205754802575729,0.27764815241098406,0.005949940159916877
251,0.3436490706263635,0.0037589413526196345,0.19672500104643403,0.01249141306616366
252,0.36505463671607846,0.003691604497688763,0.15842678844928743,0.011980427033267915
253,0.3502623440745549,0.003393908526049927,0.2727448880672455,0.005153458402492106
254,0.37697267417724317,0.003970551540707954,0.25557438284158707,0.005887396284379065
255,0.347091077755277,0.009481899127422366,0.06493697464466094,0.009437604062259197
256,0.3470261289905279,0.0033952800582389897,0.3178528144955635,0.005965826543979346
257,0.3187329819760261,0.0032601214080410176,0.30199518650770185,0.005991419125348329
258,0.3533436982677533,0.0035772853217890654,0.02279166877269745,0.018333560228347777
259,0.3419784995822761,0.003502461757213892,0.20408775955438613,0.006343430886045098
260,0.2858640695683276,0.005428259812432747,0.22659281492233277,0.004550838936120271
261,0.3809349646027654,0.006548099765495863,0.17943494841456414,0.010229925240855664
262,0.30819727633243954,0.006000088016989116,0.05280496329069138,0.00870901420712471
263,0.3238816286126773,0.005351560566431055,0.09284898042678832,0.006495364708825946
264,0.3545794640787137,0.0037277804180914057,0.15619892105460167,0.006383007951080799
265,0.4456635827346196,0.0018569068268287736,0.1735410325229168,0.0032576075056567786
266,0.34358727234678393,0.004236741075799681,0.42221986651420595,0.003427842352539301
267,0.4099288802020825,0.003140547079405783,0.39883795119822024,0.005150811723433435
268,0.29087312917153424,0.004695504119855543,0.091047303378582,0.008867555763572454
269,0.2967890469500652,0.004700931758867601,0.45358664691448214,0.002165801846422255
270,0.3164845331070515,0.005564523291048737,0.3481395564973354,0.0037579320021905007
271,0.31501214805608374,0.0034033626068729716,0.2960235267877579,0.005723919533193111
272,0.3237139021541971,0.0038807186262998492,0.18324406109750271,0.009755014255642892
273,0.362738331206716,0.002777125235297717,0.4330164611339569,0.0031333176186308263
274,0.36420124587722313,0.0034120875602522385,0.3672506928443909,0.003161381755489856
275,0.3911525479589517,0.0026121186129808524,0.20921097248792647,0.00492913075722754
276,0.40637695314123845,0.003119224466783448,0.14824824929237365,0.005373732186853886
277,0.34622451682121325,0.003385061068678251,0.32300826609134675,0.004622851533349603
278,0.39637473528870404,0.0026210891955997795,0.28365869224071505,0.005662921559996903
279,0.315807591073024,0.004203978930420887,0.14814783930778502,0.0049586848821491
280,0.34775427413674503,0.004687753286606704,0.24705508053302766,0.006864371220581233
281,0.33227644755672187,0.002798963623204961,0.3582521706819534,0.004887127690017224
282,0.40108508449525404,0.0035780752066504927,0.4196043610572815,0.002079627278726548
283,0.3317879835286966,0.002882698266031907,0.12518288791179658,0.018935850425623357
284,0.33794233083533937,0.003830281869830707,0.45642692744731905,0.002522278926335275
285,0.4331916867970274,0.002943891909895823,0.4120439350605011,0.0031930932775139807
286,0.339742696724641,0.0043160003260709345,0.31214433575514705,0.006447433878201991
287,0.400944892078256,0.002534448154246769,0.2890311241149902,0.00401686392724514
288,0.3358745106901878,0.009326217871439906,0.2793275750940666,0.004255177429877221
289,0.3658068042535048,0.002498622313186598,0.2871468126773834,0.004934541741386056
290,0.3868474437831304,0.002774900925615862,0.20413526967167855,0.004952023830264806
291,0.38425686401434433,0.0030573236489987885,0.11079708486795425,0.006772568868473172
292,0.30941660864612996,0.005149679884198122,0.2550442487001419,0.005377120949560776
293,0.38091862383179176,0.003820010837024221,0.28751435689628124,0.007612949761096388
294,0.32717413600916284,0.006708145172571023,0.1002194900996983,0.014494152646511793
295,0.32719090561836195,0.005027294725340863,0.1010956421494484,0.007213060278445482
296,0.3250636071539842,0.004654435046876852,0.24277882426977157,0.0038928873487748205
297,0.41670514027086586,0.0029265794469094356,0.11878824830055237,0.006346970796585083
298,0.43196293501517713,0.0035136606277844226,0.35490317419171336,0.004299025144428014
299,0.39934022361651444,0.0027135755319763213,0.2390972997061908,0.006662530696485191
300,0.3163609435925117,0.004317029844596385,0.18634887635707856,0.005189804523251951
301,0.3174974780816298,0.0039477245479177395,0.23206433653831482,0.009323482029139995
302,0.3067721098434562,0.0056993506978659965,0.1648004412651062,0.00833545890636742
303,0.38000934356107163,0.002905227871498284,0.15549623714759947,0.007408783072605729
304,0.3212914027942297,0.003775485177100517,0.24265591204166412,0.00698280381038785
305,0.34552499088339317,0.0030919223067123825,0.069258395396173,0.01814718432724476
306,0.4086184556572101,0.0024856048030181765,0.0815467357635498,0.017629802320152523
307,0.41403075985801524,0.0023734802288788324,0.24808616091031582,0.0031167983543127775
308,0.3899728598502966,0.003002471762346641,0.1520862579345703,0.006850187806412578
309,0.4062695083900904,0.003051380187128253,0.29533945992588995,0.004396636318415403
310,0.3756424981432083,0.0029506501577531872,0.22821192666888238,0.006826660456135869
311,0.39995645863027907,0.0028735233085731473,0.11302426159381866,0.009877949021756649
312,0.30830434719339395,0.0033388790101386034,0.1176334261894226,0.015063856658525766
313,0.3414425761080705,0.004665859082403283,0.18778368830680847,0.007050053495913744
314,0.42179379688623625,0.002817184522521133,0.2574032753705978,0.008619598997756838
315,0.3449042260002058,0.002761378744766355,0.19506795704364777,0.005770206451416016
316,0.3725710434313768,0.0034142548031993033,0.2431817352771759,0.009087507519870997
317,0.41385368993267035,0.002996220500044262,0.05788289308547974,0.011551115056499838
318,0.3671339977628145,0.003003395852059699,0.15806793570518493,0.006885651219636202
319,0.4152028945167191,0.0033273942237242293,0.31441332399845123,0.0021784455282613637
320,0.3630333401453801,0.008730314517425798,0.23611545264720918,0.00489631462842226
321,0.3793709975404617,0.0026928683954070155,0.22273171693086624,0.01035383043345064
322,0.3925022787581652,0.0025375854837385793,0.16876883581280708,0.006883666012436151
323,0.4016321684496525,0.002913831962453118,0.10157289803028106,0.017602752055972816
324,0.37673521022766066,0.003441796956348042,0.2850297877565026,0.005437169596552849
325,0.3315084592606395,0.004040055463123374,0.36762640476226804,0.0032361586345359683
326,0.38277146893625075,0.00624776414378385,0.17817617505788802,0.010210621380247175
327,0.3421634452369733,0.005332942841237244,0.06037572324275971,0.011021066922694445
328,0.3449255011569804,0.004459431975518759,0.10162877663969994,0.007293868297711015
329,0.4123671809450174,0.0029414504568147748,0.1907920405268669,0.005404739920049906
330,0.46559730821695083,0.0016384387895530567,0.17850548177957534,0.0032483776565641167
331,0.3747454871160862,0.0037701563944723695,0.39696346074342725,0.003715626453049481
332,0.4111469019299898,0.0027927961950459015,0.3565568208694458,0.005585342936683446
333,0.3196410183341075,0.004290663899155334,0.10918226391077042,0.008939886651933193
334,0.3191768945887303,0.0057017191705735736,0.3270960748195648,0.004548885562689975
335,0.36220829831197476,0.003278191937939622,0.35310304164886475,0.0039029861916787924
336,0.3430433181615976,0.002840948074336689,0.24615293070673944,0.004591524647548795
337,0.3612210027491435,0.0032359615422767373,0.16610665821935983,0.010641501075588167
338,0.3739884134190969,0.002554977919386986,0.30574706830084325,0.0062433112878352405
339,0.4068566243948179,0.0028632770559992283,0.21744298785924912,0.005094647337682545
340,0.39679408856691456,0.002557981643454136,0.3850930750370026,0.0041567488864529874
341,0.44303429948213774,0.002512198522125777,0.2359190583229065,0.004640919176745228
342,0.39781357386173344,0.002759658129294761,0.31851432770490645,0.0029732204508036374
343,0.43029460970025796,0.0021528347950572004,0.23128594756126403,0.004405370890162885
344,0.3042308666671698,0.003788955424589893,0.24710524678230286,0.0035663645365275444
345,0.3863735689948767,0.004117457212907119,0.2254958763718605,0.008067597774788738
346,0.3789921068610289,0.0023735979846559274,0.2843855023384094,0.006051959644537419
347,0.4134174209738819,0.003208356826433327,0.30882945358753205,0.0031440112798009068
348,0.38188692019918025,0.002469548132443705,0.13862216453999282,0.009792194445617497
349,0.39650553522201687,0.003099783460269324,0.4123746633529663,0.0029826480196788905
350,0.4427431578246447,0.002624995569185091,0.38751267194747924,0.003627049596980214
351,0.3891858644664096,0.003737623590635709,0.32176394015550613,0.0068340994999744
352,0.4101813326661403,0.004475095070796296,0.27770497724413873,0.0036466252990067006
353,0.37082389465127236,0.005982213906416944,0.31263800486922266,0.00377758463146165
354,0.42344216467478335,0.001998277302706041,0.2786001324653625,0.004607617203146219
355,0.40768172763861144,0.002531650909543551,0.18028889074921609,0.005558367120102048
356,0.4068567223655872,0.0029652693446200243,0.13134323358535765,0.006059450935572386
357,0.3567055483611348,0.003977128436627726,0.2353464514017105,0.005069528857711702
358,0.39046127253617996,0.005839861874147363,0.3438450828194618,0.0075126993237063285
359,0.3634193492695116,0.0036333021954095992,0.08949668779969215,0.017221678234636783
360,0.3598112872897241,0.0042614392907872126,0.09789529740810395,0.010563749796710908
361,0.3523056795581793,0.004029850591905415,0.20901425927877426,0.004418954998254776
362,0.47239791815399,0.002350237829280862,0.16901674419641494,0.0033982453402131795
363,0.4414044786722232,0.0032106504776703124,0.44928446412086487,0.0037371418671682476
364,0.41119964783772445,0.0027016895533634876,0.2376075373031199,0.006664698373060674
365,0.35286412808375484,0.0033080810389947146,0.1417652131523937,0.007220792025327683
366,0.3485936840566305,0.003460296575212851,0.11505699753761292,0.01310406755656004
367,0.33042425853319657,0.005341953563262136,0.30943549871444703,0.0048092978307977315
368,0.431004272439541,0.002461656632919748,0.2833849374204874,0.004451196105219424
369,0.27118454792369634,0.004168781583221295,0.23433007597923278,0.004631378734484315
370,0.3863627618322006,0.002256297561987781,0.1480267472565174,0.007687803357839584
371,0.4122694223546065,0.0023725292345401472,0.23415315952152013,0.004003829881548881
372,0.4567782792191093,0.001906479024537242,0.21859440095722676,0.005870083440095186
373,0.40978999643658215,0.0026636119851341043,0.1393308114260435,0.005273570609278977
374,0.41670407588856345,0.002811108296252011,0.2554851144552231,0.0073118061642162505
375,0.4167624951268618,0.002426735762035092,0.23374974280595778,0.0065921849571168424
376,0.42167684870461625,0.0025341083476236328,0.3485736072063446,0.003804574767127633
377,0.33662225052905387,0.002987235209543425,0.36103655844926835,0.002854099520482123
378,0.35816158048617536,0.004210896894876033,0.34266905188560487,0.004398751212283969
379,0.4549269865338619,0.002287006180081218,0.25889481604099274,0.006752653885632754
380,0.3775421345176605,0.002398956289816385,0.18844562917947769,0.009689616411924363
381,0.4027114475193696,0.0030854923021158753,0.36388159468770026,0.003526235814206302
382,0.478295830291478,0.002425544104204537,0.3999926298856735,0.001990457170177251
383,0.3833951113315729,0.0027584026810916094,0.16712719798088074,0.005484484822954982
384,0.44536657803333723,0.0027548598686385397,0.21171379536390306,0.005080110323615372
385,0.4007311085095772,0.0077401549954233,0.18358001708984376,0.003583262162283063
386,0.4237423240034005,0.002081143444602509,0.2545283406972885,0.005509197944775224
387,0.42729191090434027,0.002207149583204554,0.18119946420192717,0.007550118258222938
388,0.4763448217358345,0.002308254288390088,0.3489635929465294,0.004664730187505484
389,0.38527405854219043,0.0033962259661236135,0.23272201120853425,0.004705119272693991
390,0.3618424028540269,0.003151756575113186,0.2525962471961975,0.005961412866599858
391,0.3910181336582471,0.006219587629460968,0.1729724590666592,0.010842631221748888
392,0.37791932708559894,0.004297458687618088,0.2464358925819397,0.004945929395034909
393,0.38117166603795993,0.003704814903381376,0.37922493517398836,0.0036373969400301577
394,0.4301919578455197,0.00274993455707609,0.3412641927599907,0.004853182705119252
395,0.50008369409121,0.0013651154224181739,0.3086172968149185,0.0024886415572836994
396,0.40419569554237217,0.00340261620705207,0.26600188165903094,0.005634319537784904
397,0.4296369924186132,0.0024584046294852994,0.2583320617675781,0.005297836218960583
398,0.3529890173902878,0.0036258251616695467,0.16728824973106385,0.012216183729469777
399,0.29923892338784075,0.005670686697927662,0.3395897626876831,0.004803802305832505
400,0.40982807274812305,0.002611797881306698,0.15712597221136093,0.007872855407185853
401,0.34002230163568103,0.0027704198060419937,0.4196321666240692,0.005547746876254677
402,0.34795945978317505,0.003345314495396824,0.13331863810308278,0.011742005683481693
403,0.40837533213198185,0.002231928205732495,0.1095383495092392,0.011484274361282586
404,0.3908401130674741,0.002698345049373949,0.22597126960754393,0.004803099134005606
405,0.40965548816781777,0.0023642054086219734,0.15170346796512604,0.004312228295020759
406,0.48417518278345084,0.0021017218752650735,0.3546114832162857,0.005283217364922166
407,0.4219355320987793,0.002265986638331714,0.3713979832828045,0.006441291456576436
408,0.4372332057891748,0.0020209949259132817,0.12473189011216164,0.008952768798917533
409,0.328141025482462,0.0033925311835423014,0.041948717832565305,0.015247952379286289
410,0.41456836251876295,0.0036265862051946805,0.17401070147752762,0.01042826408520341
411,0.42314332933762133,0.0021968152954613264,0.32757840752601625,0.005570983199868351
412,0.43206370311478776,0.0026318396003961633,0.2967651724815369,0.006845434365095571
413,0.42376595174368376,0.0021702649886346757,0.24668583571910857,0.007042554998770356
414,0.41629709628147954,0.0030519815058468315,0.14553886763751506,0.005125101865269243
415,0.46636253385207593,0.0023366765265400782,0.24740221053361894,0.0046307184034958485
416,0.4136653550637838,0.0030011298248353293,0.24009278416633606,0.0029816834256052973
417,0.45151837449520826,0.0068855651722212015,0.2956737942993641,0.004338987031951546
418,0.4231893254014162,0.0022695742607025658,0.3470102556049824,0.0039022824144922196
419,0.45943753325786346,0.0016643994331855376,0.1953249305486679,0.009662350988946855
420,0.43213075437606907,0.0022471645521970154,0.2011824369430542,0.006843299744650722
421,0.4401321231554716,0.002596988324046087,0.2812970370054245,0.006159406341612339
422,0.3710517823123015,0.0036090898778265677,0.18578805029392242,0.004934837110340595
423,0.43308616907168657,0.005076655444169704,0.26973226070404055,0.008251010836102069
424,0.36816026566502374,0.0033143838880231413,0.4052591323852539,0.0029338249703869225
425,0.35573082890074986,0.004506240128718603,0.25667420104146005,0.0033588910242542624
426,0.39583932171360803,0.003478543680662719,0.2765080064535141,0.007091635966207832
427,0.5295410833966273,0.001318314220696219,0.20340357571840287,0.003982527134940028
428,0.445675993959109,0.003076653303697896,0.25297574400901796,0.002503539901226759
429,0.4782099122993457,0.002077643631939561,0.3536988526582718,0.003600905160419643
430,0.38558121159290654,0.002939334158630421,0.26286889500916005,0.007806089683435857
431,0.3412754678239043,0.0036465275287553547,0.44967119991779325,0.0024635836598463356
432,0.36909905076026917,0.004436880395820854,0.27955332547426226,0.0046896165236830715
433,0.4440143243051492,0.0020538476050998536,0.2528707653284073,0.005713778967037797
434,0.28291857118407887,0.0037727474010376357,0.1566873587667942,0.014705321611836552
435,0.414685533190958,0.002068110089450597,0.380919386446476,0.0035478137549944224
436,0.38954539033464897,0.002363899134089036,0.42874844968318937,0.002909716498106718
437,0.4616761291399598,0.0017288868182685035,0.28610206842422486,0.004596586909610778
438,0.46795372349711567,0.002371041653532302,0.34653561785817144,0.003219620930030942
439,0.40954356060291713,0.0024706509724731008,0.23727832585573197,0.006593293289188296
440,0.48627773576822036,0.001711161661683619,0.2388696253299713,0.006125286826863885
441,0.42002299876931387,0.002259832021641509,0.18798054605722428,0.007858172268606722
442,0.34945970429823947,0.0028180011577205732,0.1963587611913681,0.00593507313169539
443,0.4102377784557832,0.0036845298512698486,0.19316948652267457,0.007173149427399039
444,0.46135910390279233,0.002098828880265594,0.26930041909217833,0.008081304340157658
445,0.45342610996121013,0.0020000816618378917,0.07080084681510926,0.0233999602496624
446,0.41867689272532094,0.002604785407012782,0.029735246673226357,0.017968978406861423
447,0.4581286070796733,0.002227218015692555,0.15918994098901748,0.003838188527151942
448,0.42245701662240887,0.0023417633513954338,0.23043180108070374,0.007222782913595438
449,0.46241113767983055,0.003063466926948585,0.4240870475769043,0.00454226431902498
450,0.39525042885007,0.007173811852855858,0.24432182908058167,0.00588872428634204
451,0.4522168010664292,0.001779820530851467,0.17468262910842897,0.012845459580421447
452,0.4805636875904523,0.001654111074458342,0.08948228061199189,0.016074764681980012
453,0.47938619477626604,0.002012820876655333,0.3045354105532169,0.007250126916915178
454,0.4247494923571746,0.0029249997543303883,0.2241500023752451,0.007151942420750857
455,0.40691568088741636,0.002538129519775677,0.1682349592447281,0.00679077384993434
456,0.38187183611668074,0.00592449068995521,0.14085610434412957,0.0069584912620484825
457,0.4159044639613384,0.0036989117236375115,0.08582360744476318,0.010089113772846759
458,0.41478168649169117,0.00308352103344917,0.22987889796495437,0.006313301529735327
459,0.4686859435377977,0.002330446327761866,0.15973744541406631,0.004167377762496471
460,0.5208251215995122,0.0012522932874838798,0.3209031164646149,0.005070705013349652
461,0.4383951175289276,0.0030521769020616864,0.44864932596683504,0.002911425568163395
462,0.45505566837695927,0.0020212481249473058,0.1548890769481659,0.00960841472260654
463,0.3824182279312458,0.003459510592690024,0.3006607979536057,0.005063627136405557
464,0.3267790373319235,0.004983383947453545,0.2521779775619507,0.006340333353728056
465,0.468987019207233,0.001943622521745662,0.22682934999465942,0.00419026049785316
466,0.33031268276942843,0.0025505548311719815,0.22776204198598862,0.010256758006289602
467,0.3830461813471256,0.002665975425864021,0.31655906736850736,0.004649424494709819
468,0.4232169531691724,0.0020842877621852006,0.19061286002397537,0.0032397003844380377
469,0.42512821707014853,0.00216073929028099,0.14485213682055473,0.007858232758007944
470,0.4202902847662186,0.00221703127056408,0.08001388576813043,0.008388825692236423
471,0.48157336992713123,0.001969228429236234,0.3064607232809067,0.0035422366578131913
472,0.44019832719977087,0.0020520166943196016,0.3469827264547348,0.004846738203195855
473,0.4518909316796523,0.0019833636450083503,0.25205535255372524,0.004918140335939824
474,0.36738332714407873,0.0024080015995050184,0.3503874659538269,0.0039007549872621893
475,0.42796085354609364,0.003394289512727529,0.34551947712898257,0.004649711586534977
476,0.47668578322881305,0.001923721057932991,0.3620536834001541,0.0018544353311881422
477,0.4546513148458101,0.0021544434484661533,0.15455053485929965,0.011001235106959939
478,0.45973134575746,0.0018220361686335541,0.4016099840402603,0.0027684577740728854
479,0.4552378134849744,0.002351737094637102,0.42213181853294374,0.003006722335703671
480,0.4817306591341129,0.0020152956903285277,0.29973315000534057,0.004190976952668279
481,0.42539650364181936,0.002614785697891747,0.34698618613183496,0.00317516514332965
482,0.4763213141033283,0.006443273637276621,0.1307993484660983,0.005769718764349818
483,0.4391709783902535,0.0019343662771951551,0.2505098327994347,0.005320679070428014
484,0.4966299101137198,0.0015146617920552858,0.12238077968358993,0.012232094444334507
485,0.468468339015276,0.001945392676507487,0.26535321325063704,0.007073599006980657
486,0.4757198806470021,0.0021385735819468466,0.20992848947644233,0.006807665945962072
487,0.372119546127625,0.0033165781787829474,0.2800405830144882,0.007078587939031422
488,0.4599941131682732,0.004505028142608726,0.19090755954384803,0.009015573328360916
489,0.389286533714487,0.004466662112136897,0.1343132734298706,0.008253234019502998
490,0.40423710606037044,0.002753416891209781,0.31383311450481416,0.004863447858951986
491,0.4537735792915695,0.0026895019036601298,0.2939989775419235,0.0038766855257563295
492,0.545458008081485,0.0011330991977816806,0.3605481892824173,0.0035201648715883493
493,0.45600824440136933,0.0028611992061203825,0.3116347581148148,0.006886718655005097
494,0.524155617524416,0.0017361414907216572,0.11533681824803352,0.010831442195922136
495,0.43213735468303544,0.0024743575971418372,0.06394456624984741,0.015502873342484236
496,0.3455064567999962,0.0033769899567302605,0.2079157315194607,0.006193460896611214
497,0.3810479522515566,0.004094245709263935,0.2919833645224571,0.005535223986953497
498,0.48254468140807244,0.00163981395188528,0.31956249177455903,0.005758509819861502
499,0.3348822022477786,0.003278801388287087,0.2676309823989868,0.007074466464109719
500,0.45175388149726087,0.0017078447734746032,0.1397853046655655,0.004339356091804802
501,0.4222796800522468,0.0021437502105888994,0.28515116423368453,0.004110462917014957
502,0.49513518046110105,0.0013952504913248003,0.19608627995476127,0.004690388287417591
503,0.4850415502412197,0.0024216979609963554,0.29791000187397004,0.004058487340807914
504,0.4557409420943795,0.0017931563904708943,0.3649028539657593,0.0034313213545829058
505,0.501794173167302,0.0013557225473586863,0.14057344309985637,0.006347188213840127
506,0.41619438830858624,0.0026398572805098807,0.34892373979091645,0.0019907735520973803
507,0.4022051208676436,0.0021178549855577354,0.4075802952051163,0.003257808764465153
508,0.4646411575824739,0.0032553610860934267,0.29656344950199126,0.0040718893287703395
509,0.4951639672120412,0.002097320759322685,0.1877547062933445,0.010583077603951097
510,0.48816378261798465,0.0013923958654348284,0.32184779047966006,0.0037340788170695306
511,0.4501415491104126,0.002297286573313893,0.4287742793560028,0.0024149482022039594
512,0.5020978375314138,0.00174833968589948,0.3311835557222366,0.007651473442092538
513,0.44924754553880447,0.002248375963133115,0.1341038142796606,0.009059526165947318
514,0.5029855169928991,0.0021025018403843907,0.3544966131448746,0.0022293303860351442
515,0.41349093893017524,0.006485824132911288,0.24842510223388672,0.0042738092597573996
516,0.503899897281558,0.0013847023168263826,0.20336882621049882,0.005451527197146788
517,0.4939623260154174,0.0015332528004924266,0.3326748475432396,0.0034451193641871214
518,0.4977508454750746,0.001856943509781745,0.2453844130039215,0.009420258714817465
519,0.42462821448078525,0.002959011646453291,0.16759312078356742,0.007414739893283695
520,0.44913480568748826,0.001955790794827641,0.05708261579275131,0.017707596905529498
521,0.41641984028646195,0.005131504690955178,0.18405489027500152,0.009565138351172208
522,0.43214800361639416,0.003306349478617239,0.30164562463760375,0.005888978217262775
523,0.43079862932268626,0.0026980739915019604,0.12924619466066362,0.008741817250847817
524,0.5263374882917373,0.0019911953433900354,0.30529668778181074,0.003672766126692295
525,0.5410819235138404,0.0012211967524564944,0.22684931010007858,0.005154662299901247
526,0.4789985559689693,0.0025727457213155828,0.11592345759272575,0.006829584669321776
527,0.4823217432086284,0.0018395110211060501,0.15017674565315248,0.012273119390010833
528,0.39911926556856203,0.0032263556883359947,0.2902815960347652,0.007961590797640384
529,0.3758392663529286,0.0042863245068404535,0.183699531853199,0.004706110898405313
530,0.49205553206877833,0.0018088175603248274,0.17711419211700558,0.0076459689997136595
531,0.31976873327333194,0.0029616285315475976,0.1662507861852646,0.01187754301354289
532,0.37941093284350175,0.003498538447251448,0.1270311266183853,0.006004354706965387
533,0.45804235129020154,0.001834699635555108,0.2043782915920019,0.003664656460750848
534,0.4731857789872895,0.0019229793372058058,0.14402128010988235,0.0035159934544935823
535,0.4608469932125165,0.0019529884472528163,0.25184762850403786,0.006187265855260193
536,0.49219273584775436,0.001794997636655656,0.30006714463233947,0.005496909201610833
537,0.47041275376119673,0.0018777649564958082,0.13393206894397736,0.012088808603584767
538,0.4666872249963956,0.0018914195538271973,0.08956038951873779,0.013429941004142165
539,0.3903622360756764,0.0023603648524164246,0.4463692422956228,0.004558098292909563
540,0.40888554067947924,0.003378999067279391,0.38364041298627855,0.004558696829190012
541,0.5280988343680898,0.0015533911832906783,0.27012301981449127,0.008494998142123223
542,0.49647985245936954,0.0019934897947957953,0.40062457621097564,0.0053895300719887015
543,0.46648698952049017,0.0019344936228709486,0.23311271741986275,0.004107701708562672
544,0.4842638300779538,0.001812397862149504,0.33961437046527865,0.0051932692527771
545,0.48877135559152335,0.0017898278068363045,0.1520328402519226,0.0065246280282735825
546,0.4672864403289098,0.0023576066547927135,0.4839869439601898,0.0013841975014656782
547,0.46109665013276613,0.006153963046903626,0.12655557570978998,0.005929056368768215
548,0.4820436406164215,0.0016487122675943493,0.43184614926576614,0.002697939914651215
549,0.4962601180259998,0.0015570531110055386,0.30477497577667234,0.0041462565306574104
550,0.5280523861830051,0.001255000635398737,0.18440404683351516,0.008939581178128719
551,0.48732967063402516,0.0019421158046894467,0.20295699164271355,0.005582008953206241
552,0.39972040687616056,0.0028300673334459322,0.22822208553552628,0.009141757455654442
553,0.4690221307130578,0.0041339351429577125,0.26297550797462466,0.007056988403201103
554,0.409983366011427,0.004040694011797687,0.4599991083145142,0.0019389312481507659
555,0.46924933686088294,0.002259162695503246,0.3132663775235415,0.00678147233556956
556,0.49066249534296685,0.0023313358962276163,0.13779546916484833,0.006694807903841138
557,0.5385474133758973,0.0010244951125246305,0.4390833467245102,0.0024199258652515708
558,0.46886025541103804,0.0026795110463400562,0.1448748767375946,0.005094238556921482
559,0.5449809986047256,0.0013675404328611107,0.1725570204667747,0.005096998624503612
560,0.4968147390545943,0.002072724892059341,0.2994994670152664,0.006422263488639146
561,0.35293890201510525,0.003134296882378224,0.18638969175517558,0.0060023506754077974
562,0.4231993949566132,0.0035979389619732946,0.2985723540186882,0.0064937577000819145
563,0.4534136246268948,0.002034004700432818,0.0046156034688465295,0.02278831209987402
564,0.3609320130676795,0.0025574647025235044,0.09054332971572876,0.014826813712716103
565,0.47029210693943196,0.0016113721805875404,0.25518284142017367,0.0041563531180145215
566,0.4804400290147616,0.0017955191004334781,0.19197155833244323,0.006007915502414108
567,0.5237569857675296,0.0013282713769466425,0.4088454384356737,0.002134401083458215
568,0.47973286990935987,0.0022129415185936988,0.24455868154764177,0.004678476497065276
569,0.48947732967252916,0.0015759116355090952,0.1546466234140098,0.008908919664099813
570,0.505674313658323,0.0013381007989571514,0.1514342188835144,0.013055584486573934
571,0.4399424796112073,0.0023799744648829056,0.22135385125875473,0.00478305509313941
572,0.4485340799467686,0.0016917842932833503,0.19891813024878502,0.009318940131925047
573,0.49006121328625923,0.0029664501519455835,0.18223154172301292,0.00789988161996007
574,0.5033676270873119,0.0019688053442410026,0.1732489973306656,0.01178634474053979
575,0.546389809021583,0.0010967970147015504,0.0678838163614273,0.01626403843984008
576,0.49669647818574536,0.0018451781950902958,0.2548032939434052,0.0049925891100429
577,0.5189720724637692,0.00172506928281972,0.31370619386434556,0.002790871495380998
578,0.462500057159326,0.0018712999046142497,0.33225896060466764,0.006081619951874018
579,0.5425845715097892,0.0017475805395336535,0.37026827279478314,0.005846302770078182
580,0.46763343564592874,0.0057613996450993745,0.2569187093526125,0.008761528134346008
581,0.5227215102849863,0.0012125390664713893,0.2047819659113884,0.010857534012757242
582,0.5353144071041009,0.0012538315448835373,0.3226208042353392,0.004040083545260131
583,0.5231853028138479,0.0016467819432130991,0.3267014563083649,0.005164525914005935
584,0.45305903666676617,0.0026822785801367643,0.17101950198411942,0.009506994858384132
585,0.4657171150812736,0.001748324803767714,0.1381261892616749,0.006135076005011797
586,0.42839939510210967,0.004807821321054899,0.16247405260801315,0.006163341412320733
587,0.45622761289660746,0.0031083321479784968,0.3010708510875702,0.004398768534883857
588,0.487821449406254,0.0020852534546112367,0.22672705880831928,0.0049533835146576164
589,0.5428689003754885,0.001731805185091873,0.3348711743950844,0.005518363008741289
590,0.5590247023755159,0.0010599572840594472,0.2677741404622793,0.004229942033998668
591,0.5182893687668138,0.002348859139974826,0.4184626638889313,0.0044653305085375905
592,0.5079275362002544,0.0017591293924338876,0.23198843896389007,0.009877533069811761
593,0.419853219237083,0.0026406549506459553,0.3864104762673378,0.004242424247786402
594,0.3890639095543287,0.003889438211888027,0.12416335344314575,0.01045766700990498
595,0.505668806628539,0.0014784147558832327,0.2590591683983803,0.00828367868089117
596,0.36998715738837534,0.002492393952054091,0.2569741725921631,0.00461782612837851
597,0.4272872336829702,0.0021834676717378152,0.22065704967826605,0.0042734785936772825
598,0.5034416128809636,0.0013898280160038923,0.10184457302093505,0.0072783160954713825
599,0.4956830840748854,0.0015011975584480425,0.17819151701405644,0.005292002623900771
600,0.4769130601332738,0.0017072199067721765,0.23869541883468628,0.0041829124093055725
601,0.5214801925497178,0.0015505229892322603,0.3039356917142868,0.004392855637706816
602,0.5115423741248938,0.0014905502479777145,0.2731957733631134,0.004439635435119271
603,0.4670031406940558,0.0018396574613199425,0.3606775999069214,0.0025205553974956274
604,0.4211714660318998,0.0019046964882410322,0.32892136797308924,0.0038961860118433833
605,0.4524343040509102,0.0030522903810682087,0.16001469194889067,0.008974328078329563
606,0.5510745321710905,0.00132060338103493,0.21324086785316468,0.009633720200508834
607,0.5106011827547963,0.001726064074505419,0.39661332964897156,0.002933411975391209
608,0.5142996240263948,0.0015801071181508282,0.5565576612949371,0.0021395542833488436
609,0.5143105099216486,0.0017350867117504375,0.17550368122756482,0.010221354244276882
610,0.52064293775803,0.0014392785440297583,0.22409439980983734,0.005000991281121969
611,0.5079605638598784,0.0018276986684680034,0.2889548346400261,0.0024029613472521306
612,0.4711213354498912,0.005756848514022586,0.13469220846891403,0.00850180247798562
613,0.5342561778349754,0.00122615801228676,0.30294674932956694,0.002911582728847861
614,0.51480994029687,0.001471658340634372,0.15933090150356294,0.004877248557750136
615,0.5094098849938467,0.001520474496572159,0.23436251878738404,0.0076756845228374004
616,0.4979406910446974,0.0015626258744025389,0.33591996431350707,0.004320789407938719
617,0.4451167792654954,0.002481894549698784,0.21124685630202295,0.007328109419904649
618,0.47447937755630565,0.003689783213560123,0.3179305985569954,0.005866347020491958
619,0.4410267600264305,0.0035152518237923803,0.3474473893642426,0.0031446036649867893
620,0.4887648002268412,0.001972373875152045,0.33323137313127515,0.0043534823460504414
621,0.5036789573346957,0.002167794003840894,0.18351338878273965,0.0052319344133138655
622,0.5598766545836742,0.0008925870963885712,0.33853535950183866,0.004276851390022785
623,0.4980566994024393,0.002460684445209037,0.1960609547793865,0.004719803063198924
624,0.5872941752656912,0.0011937621778857787,0.1456572137773037,0.005586697300896048
625,0.49211733482587033,0.0019532449658025797,0.24960415475070477,0.006514103361405432
626,0.40576944099022794,0.0026645784084207546,0.18012899160385132,0.006106605799868703
627,0.46357566309280884,0.0031475507313212477,0.3413628488779068,0.007315569464117289
628,0.3918689856162438,0.0019462303077885641,0.0785937640699558,0.018028277903795242
629,0.38166935398028445,0.002238742202723351,0.13029208779335022,0.013628777023404837
630,0.4603930849295396,0.0014036943140150143,0.22307266145944596,0.0037822945159859955
631,0.4456958585442641,0.0020518911923644713,0.22886840701103212,0.0061912426957860586
632,0.5765997083523334,0.0008662999832897465,0.30458348244428635,0.003314059437252581
633,0.5000574766443326,0.0019340618610164174,0.2153132140636444,0.0059333511395379904
634,0.493859076156066,0.0014659764471080285,0.10607885494828224,0.010385684296488762
635,0.5252534747123718,0.0013236941182791877,0.06939178109169006,0.01823287792503834
636,0.44167724098914707,0.0022595042932945755,0.25031101554632185,0.005093679437413812
637,0.4946511011475172,0.0014320326518850962,0.19236120134592055,0.010660727834329009
638,0.48354426943338835,0.0028416904346951735,0.1940881757065654,0.008591759204864501
639,0.5248546661474766,0.0017353668785616695,0.20301645984873176,0.011019538063555956
640,0.5588471155900222,0.0010321946415038279,0.16547165662050248,0.007978737074881791
641,0.5208205345731515,0.0015352061574305526,0.2264152467250824,0.005552018433809281
642,0.4809566193666214,0.0020401201075471295,0.2210295245051384,0.003781741764396429
643,0.4901717582669778,0.0018489780852224869,0.3872495651245117,0.005524578271433711
644,0.5477791894704868,0.0014367002674053088,0.3238754414021969,0.005505785986315459
645,0.4827990171809991,0.005520464220749907,0.2701810300350189,0.009749942482449115
646,0.5374102766315142,0.0010317181916504453,0.1937499076128006,0.011224862420931458
647,0.5312684090473713,0.0011935303786091167,0.34945433139801024,0.005718992045149207
648,0.5428304366576366,0.0015069791414321233,0.3481939848512411,0.004541713371872902
649,0.4221081244639861,0.002653731067533581,0.15104074776172638,0.010391555167734623
650,0.49310110843716526,0.0014908595436188476,0.21473175659775734,0.0058391208061948415
651,0.428287960206851,0.004548910743603931,0.13881251513957976,0.0058437281288206576
652,0.4864677012157746,0.002834598952083466,0.3226602837443352,0.0034970018547028302
653,0.5098281880983939,0.0017571012601528752,0.2775535061955452,0.004846309886488598
654,0.5613927779098352,0.0015826095120876115,0.3226017624139786,0.006224140970152803
655,0.5639581460601244,0.001967587200898635,0.2775934025645256,0.004177899495698511
656,0.5172783594865066,0.0012109182935091667,0.350050088763237,0.004751692549325526
657,0.5407579174408546,0.0015170350788349214,0.25607116520404816,0.003965103859081864
658,0.458900884557993,0.002169638219642459,0.2986274167895317,0.004887776356190443
659,0.39964903547213626,0.0037116915512179285,0.2384643316268921,0.007207526575075463
660,0.5291822335849969,0.0013134165898149009,0.28647887855768206,0.009582412241434213
661,0.4008227743399449,0.0020445119395541647,0.29258770048618316,0.0033429185394197704
662,0.4782665027066683,0.0014953464340532008,0.2527586162090302,0.003750128275714815
663,0.4543452136791669,0.0018154418197436593,0.14560890197753906,0.008558661956340075
664,0.47963359034978426,0.001491223824044797,0.1806049097329378,0.007589894533157349
665,0.4759407761769417,0.001731319999238715,0.32691009193658827,0.0018003576900810004
666,0.528691965322464,0.0013632092103272532,0.2862656950950623,0.004649350221734494
667,0.5094533182489567,0.0014519395619386043,0.24370468333363532,0.004001240490470082
668,0.49219299317934573,0.0016069404341695376,0.37909030020236967,0.0017394051305018366
669,0.44153277341945046,0.0017172400942236448,0.383251765370369,0.0032188815297558905
670,0.49023615970061374,0.0028060616338431523,0.22160235047340393,0.005668496154248715
671,0.5615179333358239,0.0012250402222166602,0.17853494472801684,0.009462812659330666
672,0.5340969826166446,0.0013408770784082708,0.36519105434417726,0.0029227960389107467
673,0.5494196139371548,0.0014011693105529933,0.5287169456481934,0.00240279259160161
674,0.5288468698660532,0.0015673039529363636,0.16551113771274686,0.012296409718692303
675,0.4989384561777115,0.001444884484988926,0.19675168097019197,0.006061747204512358
676,0.568335652924501,0.001384154254945968,0.2873680330812931,0.002699142904020846
677,0.5201385166400518,0.005174858132448161,0.19160514324903488,0.006667288672178984
678,0.5689619769079562,0.0009102585397788341,0.2947485163807869,0.003909777803346515
679,0.5443137431373963,0.0011999666696796433,0.24469973742961884,0.00435873307287693
680,0.5261821918762647,0.0014771916133050139,0.21677065789699554,0.01063932958059013
681,0.509813398313828,0.001429420441966683,0.3082947343587875,0.004213833657559007
682,0.491587102222137,0.0020493428145038285,0.12286226022988558,0.010243270313367248
683,0.48227756957595164,0.003591844924719622,0.27152144610881807,0.012996381218545138
684,0.4976209566379205,0.002904036788188536,0.39461572766304015,0.0031073478749021888
685,0.4981942000106359,0.0018238351556833666,0.29034625738859177,0.004800262418575585
686,0.5264638451238474,0.0017794677824452103,0.2971359133720398,0.004324717610143125
687,0.5834283939538858,0.0008638307812455026,0.23135845130309463,0.007893615576904267
688,0.5035177627339577,0.002282038407475995,0.0998778760433197,0.006301234615966678
689,0.6152266581089069,0.0009621565170210744,0.08905941843986512,0.013636729214340448
690,0.5375514378150305,0.0016030358631560842,0.1916295077651739,0.008600810822099448
691,0.42918742428987455,0.0024606608800613917,0.14685985343530775,0.006512186815962195
692,0.47785051033282894,0.0028818911094463263,0.20940519422292708,0.008701069233939051
693,0.4575060088282976,0.0015779513207514985,0.12648274516686797,0.011017658468335866
694,0.4554881771118977,0.001700685367746374,0.24157900214195252,0.012913109816145152
695,0.4920654086730419,0.0012440025117636349,0.16448946353048086,0.004198705777525902
696,0.46055442056594753,0.0019919427185623837,0.1965185135602951,0.00450476910918951
697,0.5075607295983877,0.0014996047981325178,0.32906880378723147,0.004260802920907736
698,0.5613930190985019,0.001301323326725441,0.2871329575777054,0.00470581860281527
699,0.5224524526259838,0.0013225923974413234,0.11796720772981643,0.011178657226264477
700,0.5191843150040278,0.0017436117828205728,0.058091872930526735,0.017144433874636888
701,0.46475079433562666,0.0018182831959282525,0.22866493463516235,0.006335192266851664
702,0.5214191361879691,0.0025811230324250525,0.3918372690677643,0.0025181829230859877
703,0.5467038918764163,0.0010635146081767743,0.24004973769187926,0.008694098889827728
704,0.5334004270724761,0.0016844567563123584,0.22205773293972014,0.005809130612760782
705,0.5770126867752808,0.0009796261395259092,0.20642457753419877,0.004842906771227717
706,0.5318473592782632,0.0014471080451188849,0.31829928904771804,0.004656491638161242
707,0.559258797695526,0.0012683916356763802,0.22835172414779664,0.004013414261862636
708,0.49013834962478053,0.0016765889319149442,0.42038931548595426,0.0032810054486617445
709,0.5013286907775089,0.001424698488942037,0.36495747715234755,0.0037340355513151733
710,0.512748958925024,0.005094323283582269,0.3216153718531132,0.004288943635765463
711,0.5369097493732204,0.0009185197703071679,0.22290085703134538,0.008291561342775821
712,0.5347107190352219,0.0009915169046927565,0.29389034733176234,0.00457563865929842
713,0.5398987287130111,0.0013837558771438825,0.18317158967256547,0.008705214224755764
714,0.4622327756041136,0.0021610625714320354,0.18263874351978301,0.010245161526836456
715,0.5180394889261478,0.0018180497964539637,0.3902575016021729,0.0031101513653993607
716,0.463231093608416,0.003524090770042676,0.2473955124616623,0.00446719853207469
717,0.5004802244978074,0.002544802105731856,0.2789802089333534,0.007836515584494918
718,0.5233362932235767,0.0016068464073424155,0.3642906159162521,0.003588470049726311
719,0.5637485509117445,0.0013399333177240363,0.3561631366610527,0.0018276238115504384
720,0.5845903780979987,0.001828562628268115,0.17787084728479385,0.006203657248988748
721,0.5148116216445581,0.0011682969115775987,0.3776370853185654,0.003669006726704538
722,0.5172416541056756,0.0015793275973313332,0.24278847351670266,0.0036482210736721752
723,0.49945905804634094,0.0016529385790748235,0.21925042271614076,0.005429406277835369
724,0.4212510775392636,0.0033921497603072426,0.3287181943655014,0.002510700630955398
725,0.5325345573708032,0.0012661272739933338,0.13370794653892518,0.011035124678164721
726,0.39666589096379584,0.0019613135983280908,0.2593577213585377,0.004027797654271126
727,0.46614647217285937,0.0014260949823297919,0.3462300643324852,0.002983568306080997
728,0.5053321952239062,0.0015452984876808329,0.2020955428481102,0.009398406418040395
729,0.5037299799135863,0.0012641572568846198,0.09901435673236847,0.007213711738586426
730,0.5274830512129344,0.0014177432316594208,0.3264324121177197,0.0016676066676154732
731,0.5346627664298583,0.0013408996060323447,0.25651337429881094,0.006180322798900306
732,0.529919758439064,0.0012577440142288255,0.09012411236763,0.005312725435942411
733,0.5120048857270143,0.0018661591128852123,0.4426531881093979,0.0018054684274829923
734,0.4672930276928804,0.0014489196031578244,0.3668446823954582,0.004716508825367782
735,0.5214742712485485,0.002664847776311665,0.2449871003627777,0.005702172592282295
736,0.5863410498087223,0.0011200011494787387,0.1978761449456215,0.009204759588465094
737,0.5306809680202068,0.0013711878145841183,0.4218982428312302,0.002630049828439951
738,0.56852404295634,0.001254080728988181,0.4873005926609039,0.0031494279159232975
739,0.5347344569670849,0.0015121762497493853,0.1499601374845952,0.012186006642878056
740,0.5404196794216449,0.0012680342986594695,0.23545522168278693,0.003977797552943229
741,0.583596239105249,0.0013464767177468345,0.28803562223911283,0.0033748770831152795
742,0.5038347844129953,0.005020184236062237,0.20831776931881904,0.006019462086260319
743,0.5595680789974256,0.0009135820395246041,0.19234827682375907,0.007089078426361084
744,0.541047596014463,0.000983420233518327,0.23873072266578674,0.00443794644670561
745,0.5482233588595707,0.0012110019026574893,0.25016013905406,0.008675659075379372
746,0.4935420715273955,0.0017391417100159929,0.361342316865921,0.0050112124998122455
747,0.5194049462293967,0.0015182477242584962,0.14048106246627867,0.012121126614511013
748,0.5018544508478581,0.003299474210787314,0.17301324605941773,0.022004277887754144
749,0.48758678367504704,0.002876223011415464,0.23233363032341003,0.00586687009781599
750,0.5285186879336834,0.0015583928119061359,0.2979447290301323,0.003353747772052884
751,0.5593311731249858,0.0015124881175581368,0.4053310424089432,0.004538525105454027
752,0.5984298930718348,0.0007337112098563617,0.3426756992936134,0.008767434908077121
753,0.5447010859273947,0.002013004930725005,0.11571377217769623,0.008900245930999518
754,0.5984136122159469,0.0009388595184039635,0.04853842109441757,0.018742685765028
755,0.5550558624359277,0.001473785581672415,0.10977315995842218,0.009294180735014378
756,0.4405157797229596,0.0033770003323390996,0.1092709794640541,0.00822519939392805
757,0.5192553647435628,0.001459571096534208,0.28669783771038054,0.0067750762682408094
758,0.39083184664830184,0.0020970923371630935,0.1562553972005844,0.007899462897330522
759,0.46652603970888334,0.002371551782953947,0.3484141007065773,0.003669863793766126
760,0.4972335679981953,0.0013873598346925485,0.19776233434677123,0.0038224793039262294
761,0.5071703382791617,0.0013734336205230553,0.1822729168459773,0.0049609113717451695
762,0.5195852707211788,0.0013346170143426533,0.2444959446787834,0.00837637847289443
763,0.5912503783519452,0.0010223342976995553,0.2909077934920788,0.004195921286009252
764,0.5736772916637934,0.001016969368860233,0.19572875797748565,0.008485501911491156
765,0.514089585114748,0.001500282351723096,0.1662701740860939,0.008995182858780027
766,0.4907867022049733,0.001607052679154992,0.3137364864349365,0.003514839988201857
767,0.5246416788834792,0.0026157032934395084,0.2949367880821228,0.006792742945253849
768,0.5621185617951246,0.0009477312422136609,0.22198614329099656,0.009092344646342098
769,0.5584016327674572,0.001647997481669359,0.34064802051289006,0.004710297659039497
770,0.61314057214902,0.0008306657943579082,0.27435476779937745,0.003776574810035527
771,0.5427942031469101,0.0015169495267260713,0.3201262354850769,0.00420833429088816
772,0.5394131674980506,0.0013301995316466603,0.13655638098716735,0.005926454532891512
773,0.5268006114623486,0.0016701940603058736,0.47316684722900393,0.001493108703289181
774,0.5518552561601003,0.0024812660825167163,0.2510571897029877,0.0038726710015907885
775,0.5840811438094347,0.0033709005912010656,0.34618630409240725,0.003075765608809888
776,0.6005091365331259,0.0007543797397514796,0.14843394681811334,0.011257300525903702
777,0.5324880559092913,0.001025695967538736,0.20203760862350464,0.007227517338469625
778,0.5205827477650765,0.0015450669567284281,0.2910609543323517,0.00548069690412376
779,0.5071781191688317,0.0017964382318612665,0.15907457321882248,0.007307816389948129
780,0.519754676387096,0.0030053100912109353,0.5097412288188934,0.0017997382907196879
781,0.496265882673936,0.0019303333465359174,0.385460364818573,0.004669508012011647
782,0.5237784267236025,0.002194439945667863,0.26982958018779757,0.005901421629823744
783,0.5311876600369428,0.0014376623204999561,0.23106585815548897,0.004637982463464141
784,0.5421465577987524,0.0014189456574408372,0.4924498423933983,0.002160125032241922
785,0.5882397721975278,0.001699016966785376,0.15648825727403165,0.006998977903276682
786,0.5743479203337278,0.0010855661482939748,0.2146248295903206,0.004371407255530357
787,0.5510402917861938,0.0013363449237285517,0.32467537820339204,0.004494417842943221
788,0.5494372588701737,0.0014603761268610982,0.16077514328062534,0.007617433834820986
789,0.442440879650605,0.0031402127508324785,0.21532163359224796,0.005684725556056947
790,0.5348675583417599,0.0012909078980625893,0.09346705749630928,0.009780512191355228
791,0.40268299270134705,0.002922411024393603,0.17879217490553856,0.017711427225731314
792,0.45951798481818956,0.0016608813494736424,0.286964613199234,0.004657252703327686
793,0.47682714997193754,0.0014867894007273628,0.30043936520814896,0.006163462507538497
794,0.5571789889572523,0.0008634482591542809,0.3392263174057007,0.005442284722812473
795,0.5310409539020978,0.0012896078573808505,0.2683764398097992,0.0062146918149665
796,0.559051689811242,0.0011896061336394781,0.07063933163881302,0.01429539006203413
797,0.5657494071966562,0.0011704021054379737,0.08098528981208801,0.02016449822112918
798,0.49480565193180853,0.001942824161139866,0.2465533658862114,0.005484768468886614
799,0.5367133011802648,0.0010696030350607964,0.2446398302912712,0.00782021509949118
800,0.5242491204005021,0.002598615020337419,0.27508163303136823,0.007594141905428842
801,0.596031557290982,0.0009734731222404382,0.28523531556129456,0.007789356797002256
802,0.5709462623135784,0.0011108598717748043,0.2891679614782333,0.0046700750244781375
803,0.5964423287182282,0.0010304494357208172,0.3226390853524208,0.0043914346024394035
804,0.5687464693417916,0.0011938254015732151,0.29186894595623014,0.004107069899328053
805,0.5415818803967574,0.0011567423754082157,0.23966858237981797,0.005953887809300795
806,0.5602130244175593,0.0014161430461591897,0.3094329908490181,0.005160960543435067
807,0.5023985976974169,0.004881861934009999,0.2612013041973114,0.006182778556831181
808,0.5399381758119816,0.0007479087143087198,0.06381873935461044,0.016517949663102625
809,0.5640987905745323,0.0008663273567948729,0.36046778336167334,0.004711543984012678
810,0.5732648330621231,0.001425934144488285,0.15666169822216033,0.008719647396355867
811,0.5311463200128995,0.0015672674907807212,0.24596020877361296,0.0070912385359406475
812,0.533395345394428,0.0012920322117283016,0.19568899869918824,0.0069360054098069664
813,0.5129141146555926,0.003274777914786962,0.1997774508781731,0.00482001828495413
814,0.5205196700034997,0.002337727754377575,0.22268639504909515,0.004746973654255271
815,0.551265765268069,0.001401826724199614,0.29998658820986746,0.003178207704331726
816,0.5628426413123424,0.0013022839187984713,0.3631791114807129,0.005566808767616749
817,0.6316768297782311,0.000606730259441508,0.3365743711590767,0.003908625314943492
818,0.5387507243416249,0.0017837520108747785,0.41428325660526755,0.004192891390994191
819,0.6134037031577184,0.0008710048851543644,0.19291320890188218,0.005782116111367941
820,0.5375278141254034,0.0013967305278175701,0.15538701117038728,0.008504680264741183
821,0.4206245126537023,0.0033813806027562046,0.24545564651489257,0.011030113021843136
822,0.53294582454822,0.001147461066489669,0.2279008373618126,0.01098562201950699
823,0.41973668852677715,0.002121125753127182,0.39855133593082426,0.0031173621187917887
824,0.4822510776993556,0.001859760049205178,0.35202900916337965,0.0038363212544936685
825,0.47340437101247984,0.001450445271285179,0.12960489392280578,0.011063796887174248
826,0.5122145620676187,0.0012570424931674586,0.07905339449644089,0.008196142455562948
827,0.49814210602870357,0.001346027675586251,0.2755404248833656,0.004559254995547235
828,0.6097011012144578,0.0009487953734489379,0.20125001221895217,0.006752697844058275
829,0.5760757932678248,0.0009259564652986741,0.22315846532583236,0.004787485883571208
830,0.5523879489837549,0.001056726029044232,0.24455690681934356,0.004251863423269242
831,0.5196467395692778,0.0013611124930507802,0.32582627832889555,0.0033314249943941832
832,0.537307763328919,0.0025313429961944423,0.23094225227832793,0.006734713027253747
833,0.5752751456621366,0.0010160994556943665,0.17518232427537442,0.010282315872609615
834,0.5899260758619326,0.0011043421125997645,0.3889137148857117,0.002831315551884472
835,0.6375278031978852,0.0006990284663725805,0.3956372082233429,0.0048671466764062645
836,0.5882777755077069,0.0011047626525023356,0.3856519341468811,0.004293277533724904
837,0.6046752979358038,0.0010548063336710373,0.4010261446237564,0.002020715572871268
838,0.5616695995514209,0.0013417318263329947,0.25309025049209594,0.003947751154191792
839,0.5699701561377599,0.0045850572793987784,0.17310480922460555,0.005318253068253398
840,0.5989222990778776,0.0007774776974819803,0.16060712598264218,0.012845355365425349
841,0.5704671786381648,0.0008076770187378712,0.1309586524963379,0.009960584342479706
842,0.5300571333903533,0.0009949616655014837,0.17007795982062818,0.006845654593780637
843,0.5294744710031992,0.0015526476007578776,0.20561598837375641,0.007416004687547684
844,0.4941438094545633,0.001770100413686566,0.23166749477386475,0.005052564665675163
845,0.5582386220876987,0.002821333775127408,0.1533818393945694,0.01672848453745246
846,0.49655151481811816,0.0018851573502335949,0.1644394129514694,0.005558937834575772
847,0.5406603446373572,0.002170695659188846,0.43886343240737913,0.0017968892818316818
848,0.5355322104042921,0.001615580478604291,0.3609130322933197,0.0083118318580091
849,0.6172594470091355,0.0006782371056966113,0.2665192849934101,0.0057227540295571085
850,0.5851390499335068,0.001726815753360055,0.15636342614889145,0.009918742813169956
851,0.6258210207407291,0.0008232737949210553,0.02926744380965829,0.016926682367920876
852,0.592985369074039,0.0011114700831128105,0.388539994135499,0.003786997904535383
853,0.5394158903031777,0.0016888865551057581,0.40034036338329315,0.0028531059273518623
854,0.4860225247266965,0.002581663431043032,0.19158990681171417,0.009968349942937493
855,0.5375219812759986,0.0016423214526114932,0.2837999066337943,0.007192989741452038
856,0.41263233598035115,0.002768164795783471,0.31895892769098283,0.0054729339317418635
857,0.4769109107362918,0.0013949684399472645,0.3039330244064331,0.003900251898448914
858,0.49362182024961865,0.0014951846191811806,0.2655704036355019,0.00437732256250456
859,0.5712681851134851,0.0009685336054901247,0.4044612213969231,0.0020508487825281916
860,0.5551358982920647,0.0013116289082039983,0.2680534109473228,0.0046662253793329
861,0.5727517432891406,0.0010670099348853677,0.3039407055824995,0.003574872686294839
862,0.6163411881679144,0.0010058472484487514,0.05269941575825214,0.008931164350360631
863,0.5424576761463705,0.001605060743084043,0.2638826372101903,0.005962591338902712
864,0.5403139929358776,0.0010079782930402777,0.27186504676938056,0.0034772104816511275
865,0.5422279338041941,0.00241715680115307,0.15156528702937067,0.009848305769264699
866,0.6262975850930581,0.0009013393975272685,0.48860313296318053,0.0016132003627717495
867,0.6005666464573155,0.0009206578691261641,0.3735659599304199,0.0048350697383284565
868,0.6127637831064371,0.0008983221856536916,0.17467508018016814,0.009079517889767885
869,0.5972002301460657,0.0011205907417789628,0.29805738776922225,0.0039657277287915346
870,0.5904479823433436,0.0009577068215152487,0.12114782221615314,0.006021162308752537
871,0.5990618157845277,0.0014370593356337242,0.2835323214530945,0.004001244879327714
872,0.5596344782373844,0.004427125456016093,0.1669077083468437,0.0069929552264511585
873,0.5807732677576729,0.0008320614073547917,0.2032388426363468,0.006244565127417445
874,0.6015983670949936,0.0006955546762186807,0.18746964186429976,0.005907640745863319
875,0.5795863744540092,0.001138860098972845,0.0970834881067276,0.011937896814197302
876,0.5693571277153797,0.0013313645195478622,0.07750246152281762,0.020355487056076527
877,0.5618304549119412,0.0011243735261348027,0.08142165690660477,0.01866983682848513
878,0.4990762078609222,0.003142422247037757,0.27236840426921843,0.0033430703449994327
879,0.5546932518482208,0.0020933140424462273,0.08572777956724167,0.009962192829698324
880,0.5415952837046905,0.0012987871264041855,0.30037411004304887,0.004229094879701733
881,0.5826075843129402,0.0013826124484647806,0.35463802665472033,0.008968270337209105
882,0.6602856165323502,0.0005726615872378879,0.11380580663681031,0.00869484068825841
883,0.5916149069865545,0.0016949739533979131,0.031193991750478746,0.016568408720195292
884,0.6479381639987994,0.0006849917187467397,0.20538749508559703,0.012763065379112959
885,0.5763019176725394,0.0013409077443308586,0.16344842910766602,0.006151005905121565
886,0.4536795780444757,0.0030393763329648674,0.031237921305000783,0.02012509312480688
887,0.5867197956794348,0.0008727053391339723,0.28573046922683715,0.0048736692406237125
888,0.4477521137167246,0.0016365041516016787,0.4257925197482109,0.00253442102111876
889,0.4892190769314766,0.0018950329831568524,0.2694079101085663,0.0049105549696832895
890,0.46864479407668114,0.001425245930500424,0.23434535562992095,0.005473232641816139
891,0.4935185839063846,0.001315208613306869,0.16517504304647446,0.00733594021294266
892,0.5832042831640977,0.0010696509435104255,0.30340738892555236,0.004437194624915719
893,0.6000458496885422,0.0009449943832012836,0.3771673709154129,0.0032820382504723964
894,0.5940971962916546,0.0008706309950540367,0.22114518620073795,0.005537074431777001
895,0.5195636642284882,0.001420245156623423,0.2635175108909607,0.006788343191146851
896,0.5122580039195526,0.0012612125742285012,0.22079202830791472,0.005011125840246678
897,0.524347030199491,0.0025362167951430026,0.2216128570958972,0.01516393842175603
898,0.6029500579222654,0.0008968617442475918,0.41690589785575866,0.003834930981975049
899,0.5965639822758161,0.0011489880158385346,0.5256754696369171,0.001566405955236405
900,0.6762169702694967,0.0005658943551120152,0.23730593100190162,0.008238484617322683
901,0.5840836182618753,0.0012006043750891248,0.36851365566253663,0.0045918128453195095
902,0.6227104251201336,0.0008635461512872448,0.32771734297275545,0.0038509730715304614
903,0.5748665956541513,0.0011473247409762384,0.17532286718487738,0.00515990792773664
904,0.5492562930553387,0.004347163725283164,0.06289045810699463,0.007992635108530521
905,0.6341389047029691,0.000581659686595697,0.3128916837275028,0.0042694492498412725
906,0.6071843883165946,0.0006105823184696372,0.15796891637146473,0.008897204697132111
907,0.576033513706464,0.0008346393832396596,0.21703584492206573,0.005667198752053082
908,0.6081580810057812,0.0009532995325757954,0.3540029898285866,0.006150370743125677
909,0.5555487840603559,0.001431123983284357,0.2949756562709808,0.016595373046584427
910,0.566243555683356,0.002457129743421459,0.3729252956807613,0.003511758567765355
911,0.5069589477318984,0.0025995959423688385,0.35995461940765383,0.003862065600696951
912,0.5763766624224491,0.0011427711033786929,0.3466316521167755,0.0038567523472011088
913,0.5723072622831051,0.0013866171471958156,0.1475983197800815,0.006339826853945851
914,0.6218309433032305,0.0006067998864380523,0.08705897200852633,0.00883305654861033
915,0.5605258402916101,0.0015883164720808286,0.15743811130523683,0.012717120768502354
916,0.5624480476746192,0.0008793841399706136,0.29324713051319123,0.01017698149662465
917,0.5938893622981433,0.0009850305937223497,0.22837447077035905,0.005553482612594962
918,0.5277511032345967,0.0016380798235611739,0.16064770966768266,0.008795565646141767
919,0.49562798344936126,0.0023794984825564404,0.09973131828010082,0.014550286438316106
920,0.4780415308016997,0.001985347792166673,0.02695813775062561,0.028917358303442598
921,0.461168949229595,0.0018348343619436491,0.26179912090301516,0.006285715429112315
922,0.5213252000319653,0.0010105840244646876,0.25114087462425233,0.0043701500399038196
923,0.519478746331655,0.0014421561299035929,0.2776395410299301,0.0038558340165764093
924,0.5598883870511483,0.000943238093429663,0.2265849865972996,0.007650392688810825
925,0.5720574004838291,0.001380118458958653,0.1305630245245993,0.010521154105663299
926,0.5735459457605313,0.0008947670067778418,0.04112592041492462,0.018915292154997588
927,0.60135700687384,0.0009742776778110942,0.13065188378095627,0.010647942870855331
928,0.5469615436517276,0.0013823336195902159,0.24140233546495438,0.006001357757486403
929,0.5838457326858472,0.0008025663322395979,0.2414851427078247,0.0074538109358400105
930,0.5744465295320902,0.002307573215754625,0.28628284718070063,0.006322271283715963
931,0.604845248353787,0.0010818781542743987,0.29349871873855593,0.0036909746035235004
932,0.6386365313560535,0.0007392412989690619,0.24725765287876128,0.005599745456129313
933,0.6248940135806035,0.0009020087618409889,0.30058162584900855,0.005038130655884742
934,0.5894661790285355,0.00109593980671026,0.34170547425746917,0.008160296897403895
935,0.5698849051140058,0.0010555231804177405,0.14037332832813262,0.007841147668659686
936,0.5880911961579934,0.0011732398981201607,0.281727659702301,0.006907792552374304
937,0.5551084436667271,0.004160605477339301,0.24637613892555238,0.009522049967199565
938,0.6349743008613586,0.0005554265918386264,0.2689996585249901,0.0066727401688694956
939,0.6374110239438522,0.0005356112604274061,0.2894029751420021,0.007576106063788756
940,0.5726084131269883,0.0010235743236710103,0.13370663970708846,0.014282218553125859
941,0.5380991869247876,0.0014907901545834297,0.1955774873495102,0.006370619451627135
942,0.5864931635367565,0.0007587203076698829,0.22599476911127567,0.004060216079233214
943,0.5321351257272255,0.00274607678931296,0.3186670795083046,0.004941419209353625
944,0.5632384706002015,0.0019620915190898813,0.25821430161595343,0.002945146453566849
945,0.5437172399117396,0.001216655856040187,0.31372853815555574,0.003585608652792871
946,0.6155299976086005,0.001027033438638169,0.2873279109597206,0.004515782499220222
947,0.6661492521182085,0.0005921435395620369,0.3983756750822067,0.002793796290643513
948,0.5968828852742146,0.0014184885794514767,0.1853287048637867,0.006973293330520392
949,0.6342293108120943,0.0006250229316020312,0.2494826667010784,0.0045021363534033295
950,0.5490442748921804,0.0014587778125879152,0.3178144097328186,0.005302592314546928
951,0.5057975938304876,0.002589958766923071,0.08645049221813679,0.013590293377637864
952,0.6085388091130134,0.0007988542060140902,0.43310815691947935,0.0030223062494769692
953,0.4042959202749607,0.0021984308218517793,0.33498762249946595,0.004427567322272808
954,0.44452385222300506,0.0025132363516604528,0.16867027580738067,0.011722012190148234
955,0.5137790409991374,0.0013136840653038607,0.21342372596263887,0.004231271333992481
956,0.5298348797532992,0.0011828913246482932,0.24040383398532866,0.006774600315839052
957,0.5418566152071341,0.0010271694503059664,0.3432174026966095,0.00657179681584239
958,0.592126618211086,0.0008518663100216938,0.17062335163354875,0.007593481754884124
959,0.6086259423158108,0.0008365181271913641,0.3219159569591284,0.004723310680128634
960,0.5476484074233434,0.0013605624229127828,0.17897984385490417,0.007642267341725528
961,0.5765973062087328,0.0008412932335583415,0.37013806104660035,0.002948272041976452
962,0.5627272228399912,0.0022824217719458737,0.027463782764971256,0.02505188025534153
963,0.627492082806734,0.0008049979388045195,0.2440498948097229,0.012732711713761091
964,0.573721122665283,0.0011365117979715788,0.2503230467438698,0.004323486005887389
965,0.671776916545171,0.0006614576488619861,0.395818030834198,0.0022352469386532903
966,0.628511566000107,0.0007744800376456577,0.2492586150765419,0.006596432998776436
967,0.5986103182419752,0.0008427515045369569,0.30037528052926066,0.00705617181956768
968,0.5790652726323177,0.0011460183244101547,0.14729707315564156,0.0066571907140314576
969,0.5761820994890653,0.004236527903487559,0.11122594475746155,0.015980022400617598
970,0.5810491484709275,0.000704422418960185,0.3119265615940094,0.00871297949925065
971,0.5854559995425053,0.0006786925394128327,0.16449398547410965,0.011244310485199093
972,0.5681530420596783,0.0009126390396909884,0.17708491086959838,0.009000972378998995
973,0.5435439898417547,0.0013677551252420437,0.23516259640455245,0.007106354041025042
974,0.5693676765912619,0.0012810514757196263,0.19037365317344665,0.016109733609482646
975,0.5783124963442484,0.0022163125247924398,0.23378004506230354,0.005674334533978254
976,0.5081468477534751,0.0024176519022708256,0.31918894946575166,0.002794546517543495
977,0.5538304260908029,0.0010312691307402789,0.28744337856769564,0.007555140275508165
978,0.5929443060587614,0.0012574349119136175,0.20042601972818375,0.00735155763104558
979,0.624208037669842,0.0005258268844418359,0.27475565969944,0.007717079890426248
980,0.5974074726303419,0.0014753407467185005,0.026473452895879747,0.016508331615477802
981,0.6755841190998371,0.0005684881947765974,0.2829813718795776,0.010322006791830063
982,0.6122247355106549,0.0008959471253593876,0.2697767809033394,0.00524204196408391
983,0.5227264192623969,0.0015149185325917176,0.19788911640644075,0.012255170452408492
984,0.5496016542116801,0.002090033359472261,0.22147947996854783,0.009501528600230813
985,0.49870084426723993,0.001964413948464939,0.19288088828325273,0.0038866479590069503
986,0.47764132553950334,0.0017517597710442108,0.14221559315919877,0.006949242670089006
987,0.553692433415936,0.0009622997445731949,0.23631857056170702,0.004988822899758816
988,0.5642907367302821,0.0009423336089243187,0.28895593583583834,0.005378303676843643
989,0.6004628488937249,0.0008378515655446487,0.17879197522997856,0.006094260164536536
990,0.5549308857283531,0.001204529971194764,0.2281772717833519,0.0048704826273024086
991,0.6121044009923935,0.0007439449343972881,0.3475376695394516,0.0029236346716061236
992,0.6050089131563138,0.0008655401242998404,0.3250747561454773,0.004880397254601121
993,0.57559403595634,0.001097629561860604,0.2565109930932522,0.004270964814350009
994,0.6012337830586311,0.0007202612998811767,0.20927110193297266,0.012523832893930376
995,0.6027084245131566,0.0020884618576159342,0.34485032707452773,0.005512565906974487
996,0.6242354275324405,0.0009671628798129789,0.3326687902212143,0.003799308277666569
997,0.656005499072564,0.000540975937278395,0.09783430267125368,0.009558100439608096
998,0.6612014908056992,0.0006863941011360089,0.2462829515337944,0.004670127901772503
999,0.6082362186593505,0.0010627411350306387,0.40373350083827975,0.0026894606678979473
